nama,nis,kode_program,class_name
Yuni Permana,19038,TKJ,X-TKJ-1
Ani Pahlevi,65057,TKJ,X-TKJ-1
Dewi Suryadi,57472,TKJ,X-TKJ-1
Zahra Suharto,67080,TKJ,X-TKJ-1
Bambang Mulyono,95256,TKJ,X-TKJ-1
Vina Nurdiana,80539,TKJ,X-TKJ-1
Putri Suryadi,87656,TKJ,X-TKJ-1
Kartika Pahlevi,42177,TKJ,X-TKJ-1
Joko Qodir,69087,TKJ,X-TKJ-1
Chandra Hartanto,84691,TKJ,X-TKJ-1
Kartika Santoso,74789,TKJ,X-TKJ-1
Fitri Prabowo,37802,TKJ,X-TKJ-1
Dian Nugroho,54608,TKJ,X-TKJ-1
Hilda Hakim,46211,TKJ,X-TKJ-1
Sandi Rahayu,21221,TKJ,X-TKJ-1
Bambang Suryadi,74038,TKJ,X-TKJ-1
Agus Prabowo,94659,TKJ,X-TKJ-1
Putri Nurdiana,12260,TKJ,X-TKJ-1
Kurniawan Setiawan,63005,TKJ,X-TKJ-1
Kurniawan Jaelani,86225,TKJ,X-TKJ-1
Rina Gunardi,79588,TKJ,X-TKJ-1
Nina Laksono,82140,TKJ,X-TKJ-1
Lestari Kurnia,69473,TKJ,X-TKJ-1
Juwita Nugroho,40217,TKJ,X-TKJ-1
Bambang Rahayu,51359,TKJ,X-TKJ-1
Bambang Gunardi,34267,TKJ,X-TKJ-1
Hendra Laksono,73464,TKJ,X-TKJ-1
Bella Mulyono,88222,TKJ,X-TKJ-1
Dewi Oktavia,35443,TKJ,X-TKJ-1
Hani Permana,33519,TKJ,X-TKJ-1
Ani Kurnia,80010,TKJ,X-TKJ-1
Joko Wijaya,17146,TKJ,X-TKJ-1
Wulan Pahlevi,74340,TKJ,X-TKJ-1
Gilang Santoso,85243,TKJ,X-TKJ-1
Rina Prabowo,67733,TKJ,X-TKJ-1
Fitri Wijaya,43092,TKJ,X-TKJ-1
Citra Utama,74454,TKJ,X-TKJ-1
Umar Ismail,99974,TKJ,X-TKJ-1
Kurniawan Pratama,42530,TKJ,X-TKJ-1
Taufik Mahendra,64548,TKJ,X-TKJ-1
Chandra Mulyono,59856,TKJ,X-TKJ-1
Intan Hartanto,48974,TKJ,X-TKJ-1
Juwita Firmansyah,91399,TKJ,X-TKJ-1
Wahyu Laksono,23006,TKJ,X-TKJ-1
Yudi Rahayu,44687,TKJ,X-TKJ-2
Gunawan Setiawan,32782,TKJ,X-TKJ-2
Gunawan Santoso,63545,TKJ,X-TKJ-2
Zahra Hakim,71592,TKJ,X-TKJ-2
Bunga Setiawan,47762,TKJ,X-TKJ-2
Zahra Pahlevi,69510,TKJ,X-TKJ-2
Zainul Setiawan,44675,TKJ,X-TKJ-2
Oki Kusuma,81376,TKJ,X-TKJ-2
Yudi Suharto,44816,TKJ,X-TKJ-2
Dedi Wijaya,31747,TKJ,X-TKJ-2
Vina Laksono,84607,TKJ,X-TKJ-2
Putri Kusuma,71433,TKJ,X-TKJ-2
Zahra Utama,45683,TKJ,X-TKJ-2
Putri Pratama,88385,TKJ,X-TKJ-2
Wahyu Nugroho,13390,TKJ,X-TKJ-2
Irfan Jaelani,85392,TKJ,X-TKJ-2
Chandra Jaelani,45325,TKJ,X-TKJ-2
Chandra Mahendra,32962,TKJ,X-TKJ-2
Sari Ismail,67963,TKJ,X-TKJ-2
Nina Ismail,74451,TKJ,X-TKJ-2
Rahmat Permana,63523,TKJ,X-TKJ-2
Kartika Jaelani,23710,TKJ,X-TKJ-2
Lukman Suryadi,74942,TKJ,X-TKJ-2
Yuni Utama,82102,TKJ,X-TKJ-2
Purnomo Pratama,51224,TKJ,X-TKJ-2
Kartika Kusuma,62976,TKJ,X-TKJ-2
Taufik Hartanto,64165,TKJ,X-TKJ-2
Hendra Mulyono,57419,TKJ,X-TKJ-2
Wulan Hartanto,16764,TKJ,X-TKJ-2
Joko Gunardi,27172,TKJ,X-TKJ-2
Putri Qodir,73532,TKJ,X-TKJ-2
Ahmad Ismail,89806,TKJ,X-TKJ-2
Agus Wibowo,50730,TKJ,X-TKJ-2
Taufik Suryadi,22217,TKJ,X-TKJ-2
Fajri Ramadan,24871,TKJ,X-TKJ-2
Dewi Ismail,30181,TKJ,X-TKJ-2
Intan Kurnia,48254,TKJ,X-TKJ-2
Nina Oktavia,73242,TKJ,X-TKJ-2
Tika Suharto,60277,TKJ,X-TKJ-2
Ivan Hakim,76616,TKJ,X-TKJ-2
Gilang Pratama,46208,TKJ,X-TKJ-2
Dian Mulyono,45018,TKJ,X-TKJ-2
Kurniawan Laksono,49132,TKJ,X-TKJ-2
Gita Suharto,68529,TKJ,X-TKJ-2
Lestari Saputra,82340,TKJ,XI-TKJ-1
Putri Ramadan,52176,TKJ,XI-TKJ-1
Agus Setiawan,84946,TKJ,XI-TKJ-1
Hani Pahlevi,63841,TKJ,XI-TKJ-1
Lukman Laksono,71993,TKJ,XI-TKJ-1
Dian Oktavia,95461,TKJ,XI-TKJ-1
Rahmat Wijaya,26547,TKJ,XI-TKJ-1
Gita Kusuma,67711,TKJ,XI-TKJ-1
Bambang Suharto,63736,TKJ,XI-TKJ-1
Dedi Prabowo,44737,TKJ,XI-TKJ-1
Vina Kurnia,62098,TKJ,XI-TKJ-1
Gilang Saputra,98389,TKJ,XI-TKJ-1
Kartika Ismail,73956,TKJ,XI-TKJ-1
Wahyu Pratama,40771,TKJ,XI-TKJ-1
Hani Laksono,21846,TKJ,XI-TKJ-1
Dewi Mahendra,93066,TKJ,XI-TKJ-1
Purnomo Wibowo,49251,TKJ,XI-TKJ-1
Budi Saputra,17355,TKJ,XI-TKJ-1
Lestari Permana,66450,TKJ,XI-TKJ-1
Irfan Mulyono,64008,TKJ,XI-TKJ-1
Gunawan Wibowo,20350,TKJ,XI-TKJ-1
Vina Jaelani,41566,TKJ,XI-TKJ-1
Intan Firmansyah,28758,TKJ,XI-TKJ-1
Purnomo Ismail,43289,TKJ,XI-TKJ-1
Indah Jaelani,11231,TKJ,XI-TKJ-1
Hilda Hidayat,98815,TKJ,XI-TKJ-1
Dedi Hartanto,55293,TKJ,XI-TKJ-1
Wulan Suryadi,42780,TKJ,XI-TKJ-1
Gita Hidayat,36111,TKJ,XI-TKJ-1
Gita Prabowo,23979,TKJ,XI-TKJ-1
Nanda Firmansyah,57049,TKJ,XI-TKJ-1
Zahra Hidayat,12875,TKJ,XI-TKJ-1
Indah Santoso,84177,TKJ,XI-TKJ-1
Bambang Prabowo,47512,TKJ,XI-TKJ-1
Wahyu Nurdiana,56179,TKJ,XI-TKJ-1
Zainul Mahendra,96400,TKJ,XI-TKJ-1
Hadi Ismail,94717,TKJ,XI-TKJ-1
Kurniawan Nurdiana,67779,TKJ,XI-TKJ-1
Umar Permana,27224,TKJ,XI-TKJ-1
Ivan Hidayat,52823,TKJ,XI-TKJ-1
Fitri Rahayu,27322,TKJ,XI-TKJ-1
Sari Mulyono,45720,TKJ,XI-TKJ-1
Joko Ramadan,73156,TKJ,XI-TKJ-1
Ayu Pahlevi,54396,TKJ,XI-TKJ-1
Fajar Mahendra,39571,TKJ,XII-TKJ-1
Gita Nurdiana,83048,TKJ,XII-TKJ-1
Citra Nurdiana,61717,TKJ,XII-TKJ-1
Eko Hartanto,58311,TKJ,XII-TKJ-1
Utami Utama,93695,TKJ,XII-TKJ-1
Dewi Jaelani,40647,TKJ,XII-TKJ-1
Ani Hakim,83584,TKJ,XII-TKJ-1
Intan Hakim,39015,TKJ,XII-TKJ-1
Yudi Oktavia,70852,TKJ,XII-TKJ-1
Dewi Suharto,15943,TKJ,XII-TKJ-1
Kurniawan Prabowo,25220,TKJ,XII-TKJ-1
Irfan Qodir,80457,TKJ,XII-TKJ-1
Nanda Hartanto,58629,TKJ,XII-TKJ-1
Utami Laksono,30253,TKJ,XII-TKJ-1
Wulan Kusuma,74139,TKJ,XII-TKJ-1
Indah Wijaya,58566,TKJ,XII-TKJ-1
Purnomo Hartanto,40947,TKJ,XII-TKJ-1
Lestari Gunardi,94518,TKJ,XII-TKJ-1
Bunga Utama,46160,TKJ,XII-TKJ-1
Eko Pahlevi,69600,TKJ,XII-TKJ-1
Zainul Rahayu,94109,TKJ,XII-TKJ-1
Budi Nurdiana,53713,TKJ,XII-TKJ-1
Fajar Nurdiana,84000,TKJ,XII-TKJ-1
Dedi Oktavia,82641,TKJ,XII-TKJ-1
Umar Rahayu,40539,TKJ,XII-TKJ-1
Dian Qodir,88116,TKJ,XII-TKJ-1
Joko Pahlevi,28964,TKJ,XII-TKJ-1
Taufik Nugroho,32871,TKJ,XII-TKJ-1
Ahmad Suharto,11947,TKJ,XII-TKJ-1
Dian Nurdiana,41186,TKJ,XII-TKJ-1
Ani Wibowo,44782,TKJ,XII-TKJ-1
Oki Mulyono,24896,TKJ,XII-TKJ-1
Rahmat Hartanto,57453,TKJ,XII-TKJ-1
Purnomo Mulyono,39038,TKJ,XII-TKJ-1
Bambang Nurdiana,96363,TKJ,XII-TKJ-1
Putri Ismail,14082,TKJ,XII-TKJ-1
Rahmat Pahlevi,62640,TKJ,XII-TKJ-1
Rina Kurnia,68138,TKJ,XII-TKJ-1
Hadi Pratama,52219,TKJ,XII-TKJ-1
Dedi Suharto,46046,TKJ,XII-TKJ-1
Maya Hakim,79541,TKJ,XII-TKJ-1
Putri Mulyono,89354,TKJ,XII-TKJ-1
Dewi Nurdiana,24996,TKJ,XII-TKJ-1
Oki Hartanto,39949,TKJ,XII-TKJ-1
Kartika Oktavia,69441,RPL,X-RPL-1
Dewi Saputra,65936,RPL,X-RPL-1
Yuni Nugroho,59060,RPL,X-RPL-1
Zainul Ramadan,72163,RPL,X-RPL-1
Dedi Pratama,66606,RPL,X-RPL-1
Bambang Laksono,58843,RPL,X-RPL-1
Taufik Wijaya,86869,RPL,X-RPL-1
Nina Permana,97207,RPL,X-RPL-1
Gita Ramadan,16743,RPL,X-RPL-1
Vina Hidayat,56090,RPL,X-RPL-1
Umar Mulyono,37884,RPL,X-RPL-1
Irfan Pahlevi,24184,RPL,X-RPL-1
Gita Gunardi,58176,RPL,X-RPL-1
Chandra Nugroho,85248,RPL,X-RPL-1
Dimas Suryadi,83526,RPL,X-RPL-1
Wahyu Ramadan,96223,RPL,X-RPL-1
Indah Kurnia,50499,RPL,X-RPL-1
Lestari Santoso,33777,RPL,X-RPL-1
Umar Jaelani,62531,RPL,X-RPL-1
Yudi Santoso,22026,RPL,X-RPL-1
Nanda Suryadi,69460,RPL,X-RPL-1
Fitri Permana,50846,RPL,X-RPL-1
Bella Firmansyah,88148,RPL,X-RPL-1
Hadi Wijaya,30392,RPL,X-RPL-1
Chandra Hakim,16522,RPL,X-RPL-1
Joko Hartanto,96761,RPL,X-RPL-1
Rina Hakim,67939,RPL,X-RPL-1
Indah Rahayu,77154,RPL,X-RPL-1
Eko Hidayat,98895,RPL,X-RPL-1
Sari Jaelani,50425,RPL,X-RPL-1
Irfan Utama,88554,RPL,X-RPL-1
Ahmad Rahayu,49507,RPL,X-RPL-1
Chandra Suharto,43491,RPL,X-RPL-1
Ani Prabowo,66446,RPL,X-RPL-1
Fajar Utama,79806,RPL,X-RPL-1
Sandi Gunardi,97562,RPL,X-RPL-1
Gita Laksono,15544,RPL,X-RPL-1
Ani Hartanto,20205,RPL,X-RPL-1
Utami Suryadi,85156,RPL,X-RPL-1
Zahra Ismail,64747,RPL,X-RPL-1
Dewi Utama,12733,RPL,X-RPL-1
Vina Hartanto,57428,RPL,X-RPL-1
Oki Pahlevi,23875,RPL,X-RPL-1
Oki Firmansyah,62487,RPL,X-RPL-1
Nanda Pahlevi,50668,RPL,X-RPL-2
Hani Saputra,32037,RPL,X-RPL-2
Sandi Ismail,24945,RPL,X-RPL-2
Hadi Mahendra,55793,RPL,X-RPL-2
Ayu Oktavia,94599,RPL,X-RPL-2
Irfan Kusuma,29194,RPL,X-RPL-2
Galuh Wibowo,88957,RPL,X-RPL-2
Yudi Pratama,33218,RPL,X-RPL-2
Putri Mahendra,83889,RPL,X-RPL-2
Yuni Ramadan,83989,RPL,X-RPL-2
Gita Ismail,51436,RPL,X-RPL-2
Yudi Hidayat,46002,RPL,X-RPL-2
Muhamad Mulyono,19724,RPL,X-RPL-2
Bunga Wijaya,58331,RPL,X-RPL-2
Citra Ismail,21835,RPL,X-RPL-2
Putri Firmansyah,82655,RPL,X-RPL-2
Purnomo Ramadan,84928,RPL,X-RPL-2
Lukman Hakim,72341,RPL,X-RPL-2
Budi Hartanto,23566,RPL,X-RPL-2
Zahra Pratama,76132,RPL,X-RPL-2
Budi Setiawan,67377,RPL,X-RPL-2
Vina Wibowo,57696,RPL,X-RPL-2
Intan Hidayat,60779,RPL,X-RPL-2
Bella Saputra,98984,RPL,X-RPL-2
Dimas Ismail,94843,RPL,X-RPL-2
Citra Saputra,22387,RPL,X-RPL-2
Vina Pahlevi,29709,RPL,X-RPL-2
Citra Firmansyah,96980,RPL,X-RPL-2
Ivan Permana,50662,RPL,X-RPL-2
Eka Hakim,21104,RPL,X-RPL-2
Tika Utama,94343,RPL,X-RPL-2
Fira Suharto,97833,RPL,X-RPL-2
Yudi Jaelani,65496,RPL,X-RPL-2
Ani Permana,50483,RPL,X-RPL-2
Hendra Saputra,73736,RPL,X-RPL-2
Irfan Suharto,30308,RPL,X-RPL-2
Kurniawan Pahlevi,23256,RPL,X-RPL-2
Wahyu Suharto,88282,RPL,X-RPL-2
Eka Wibowo,33703,RPL,X-RPL-2
Bambang Hartanto,15726,RPL,X-RPL-2
Lestari Jaelani,41133,RPL,X-RPL-2
Bella Laksono,68841,RPL,X-RPL-2
Hadi Oktavia,35430,RPL,X-RPL-2
Yuni Firmansyah,67749,RPL,X-RPL-2
Bella Hidayat,60052,RPL,XI-RPL-1
Fitri Oktavia,36174,RPL,XI-RPL-1
Budi Ismail,72991,RPL,XI-RPL-1
Tika Ramadan,23446,RPL,XI-RPL-1
Chandra Wibowo,45755,RPL,XI-RPL-1
Hilda Mulyono,29313,RPL,XI-RPL-1
Citra Ramadan,39102,RPL,XI-RPL-1
Hilda Permana,13495,RPL,XI-RPL-1
Sari Permana,40903,RPL,XI-RPL-1
Citra Permana,39430,RPL,XI-RPL-1
Lukman Ramadan,22987,RPL,XI-RPL-1
Dian Suharto,28035,RPL,XI-RPL-1
Kurniawan Ramadan,71925,RPL,XI-RPL-1
Chandra Kurnia,71487,RPL,XI-RPL-1
Vina Santoso,20384,RPL,XI-RPL-1
Joko Rahayu,29597,RPL,XI-RPL-1
Juwita Setiawan,49472,RPL,XI-RPL-1
Oki Ismail,91633,RPL,XI-RPL-1
Citra Kusuma,75513,RPL,XI-RPL-1
Yudi Mulyono,85372,RPL,XI-RPL-1
Agus Suharto,48177,RPL,XI-RPL-1
Lestari Setiawan,84798,RPL,XI-RPL-1
Fitri Jaelani,97584,RPL,XI-RPL-1
Sandi Permana,18870,RPL,XI-RPL-1
Yudi Utama,58929,RPL,XI-RPL-1
Ayu Santoso,56805,RPL,XI-RPL-1
Bambang Jaelani,92346,RPL,XI-RPL-1
Chandra Firmansyah,53583,RPL,XI-RPL-1
Budi Permana,81567,RPL,XI-RPL-1
Fira Ismail,32949,RPL,XI-RPL-1
Zahra Prabowo,92802,RPL,XI-RPL-1
Dimas Suharto,18270,RPL,XI-RPL-1
Bunga Hidayat,36422,RPL,XI-RPL-1
Dimas Rahayu,15492,RPL,XI-RPL-1
Sari Utama,81176,RPL,XI-RPL-1
Galuh Hidayat,56789,RPL,XI-RPL-1
Gilang Ismail,53506,RPL,XI-RPL-1
Lestari Suryadi,62431,RPL,XI-RPL-1
Hilda Utama,54438,RPL,XI-RPL-1
Rahmat Kurnia,75211,RPL,XI-RPL-1
Intan Nurdiana,78062,RPL,XI-RPL-1
Dian Pratama,65640,RPL,XI-RPL-1
Oki Hakim,33652,RPL,XI-RPL-1
Yuni Hidayat,50173,RPL,XI-RPL-1
Nina Wibowo,68183,RPL,XII-RPL-1
Putri Wijaya,56210,RPL,XII-RPL-1
Indah Ismail,17518,RPL,XII-RPL-1
Nanda Permana,77251,RPL,XII-RPL-1
Gilang Hakim,98878,RPL,XII-RPL-1
Bunga Suharto,18812,RPL,XII-RPL-1
Chandra Ismail,58015,RPL,XII-RPL-1
Maya Firmansyah,14244,RPL,XII-RPL-1
Zainul Hartanto,58623,RPL,XII-RPL-1
Eka Mulyono,58096,RPL,XII-RPL-1
Indah Setiawan,24869,RPL,XII-RPL-1
Bambang Wibowo,75410,RPL,XII-RPL-1
Intan Gunardi,25435,RPL,XII-RPL-1
Bella Nugroho,68493,RPL,XII-RPL-1
Wahyu Hidayat,74382,RPL,XII-RPL-1
Eko Suharto,19706,RPL,XII-RPL-1
Fitri Qodir,68341,RPL,XII-RPL-1
Dimas Jaelani,51889,RPL,XII-RPL-1
Tika Gunardi,48058,RPL,XII-RPL-1
Gita Wibowo,93584,RPL,XII-RPL-1
Dimas Permana,76683,RPL,XII-RPL-1
Eko Rahayu,28202,RPL,XII-RPL-1
Ahmad Permana,82616,RPL,XII-RPL-1
Vina Qodir,21300,RPL,XII-RPL-1
Kurniawan Utama,72739,RPL,XII-RPL-1
Bella Suryadi,85353,RPL,XII-RPL-1
Fajar Saputra,94192,RPL,XII-RPL-1
Zainul Mulyono,55156,RPL,XII-RPL-1
Chandra Gunardi,93859,RPL,XII-RPL-1
Ivan Pahlevi,17263,RPL,XII-RPL-1
Sandi Suharto,49862,RPL,XII-RPL-1
Gunawan Saputra,39552,RPL,XII-RPL-1
Sari Qodir,47230,RPL,XII-RPL-1
Yudi Gunardi,45972,RPL,XII-RPL-1
Wahyu Gunardi,22245,RPL,XII-RPL-1
Fajar Wibowo,96341,RPL,XII-RPL-1
Fira Ramadan,83874,RPL,XII-RPL-1
Fajri Pahlevi,13718,RPL,XII-RPL-1
Joko Ismail,37631,RPL,XII-RPL-1
Vina Ismail,13969,RPL,XII-RPL-1
Hilda Ismail,81509,RPL,XII-RPL-1
Wulan Hidayat,73300,RPL,XII-RPL-1
Dimas Nurdiana,99783,RPL,XII-RPL-1
Juwita Hartanto,19564,RPL,XII-RPL-1
Gunawan Hartanto,64476,MM,X-MM-1
Putri Rahayu,54589,MM,X-MM-1
Lukman Pahlevi,51853,MM,X-MM-1
Maya Suharto,58567,MM,X-MM-1
Lukman Setiawan,71141,MM,X-MM-1
Eko Wijaya,48038,MM,X-MM-1
Gita Hakim,64805,MM,X-MM-1
Gilang Qodir,30932,MM,X-MM-1
Ayu Saputra,34881,MM,X-MM-1
Rahmat Mulyono,71186,MM,X-MM-1
Sari Hartanto,41552,MM,X-MM-1
Budi Wijaya,46877,MM,X-MM-1
Yuni Prabowo,47453,MM,X-MM-1
Gilang Kusuma,66482,MM,X-MM-1
Hadi Nugroho,57943,MM,X-MM-1
Lestari Wijaya,62505,MM,X-MM-1
Umar Gunardi,35513,MM,X-MM-1
Tika Hidayat,19637,MM,X-MM-1
Bella Gunardi,46663,MM,X-MM-1
Fajar Kusuma,61629,MM,X-MM-1
Dian Saputra,83116,MM,X-MM-1
Galuh Hakim,76731,MM,X-MM-1
Sari Wijaya,15938,MM,X-MM-1
Fajar Kurnia,53652,MM,X-MM-1
Eka Saputra,90356,MM,X-MM-1
Fitri Utama,90805,MM,X-MM-1
Utami Saputra,76494,MM,X-MM-1
Zahra Firmansyah,49294,MM,X-MM-1
Fira Santoso,58281,MM,X-MM-1
Nina Firmansyah,50327,MM,X-MM-1
Wahyu Prabowo,44803,MM,X-MM-1
Bambang Wijaya,86483,MM,X-MM-1
Fitri Mulyono,92447,MM,X-MM-1
Eka Oktavia,99224,MM,X-MM-1
Budi Firmansyah,24404,MM,X-MM-1
Ahmad Hartanto,51116,MM,X-MM-1
Zahra Rahayu,63788,MM,X-MM-1
Gita Pahlevi,18163,MM,X-MM-1
Taufik Saputra,96799,MM,X-MM-1
Kartika Wibowo,70249,MM,X-MM-1
Tika Permana,98587,MM,X-MM-1
Vina Prabowo,35200,MM,X-MM-1
Kurniawan Mahendra,47880,MM,X-MM-1
Agus Kurnia,74094,MM,X-MM-1
Rina Permana,83464,MM,XI-MM-1
Juwita Kusuma,85166,MM,XI-MM-1
Fira Permana,29198,MM,XI-MM-1
Lestari Ramadan,67983,MM,XI-MM-1
Ayu Prabowo,38047,MM,XI-MM-1
Fajri Gunardi,45537,MM,XI-MM-1
Eka Kusuma,90698,MM,XI-MM-1
Irfan Wijaya,97796,MM,XI-MM-1
Yudi Setiawan,16880,MM,XI-MM-1
Oki Saputra,71918,MM,XI-MM-1
Taufik Ramadan,30701,MM,XI-MM-1
Wulan Ramadan,72350,MM,XI-MM-1
Wulan Rahayu,47649,MM,XI-MM-1
Juwita Ismail,17754,MM,XI-MM-1
Yudi Firmansyah,40437,MM,XI-MM-1
Gunawan Suryadi,33040,MM,XI-MM-1
Fajri Utama,74930,MM,XI-MM-1
Ivan Laksono,47941,MM,XI-MM-1
Ahmad Hidayat,84443,MM,XI-MM-1
Ivan Saputra,47298,MM,XI-MM-1
Wulan Gunardi,78723,MM,XI-MM-1
Hilda Suharto,76088,MM,XI-MM-1
Dian Kusuma,53343,MM,XI-MM-1
Yudi Nugroho,34405,MM,XI-MM-1
Dimas Hidayat,84420,MM,XI-MM-1
Gunawan Hakim,93719,MM,XI-MM-1
Fira Suryadi,77538,MM,XI-MM-1
Fitri Suharto,72580,MM,XI-MM-1
Intan Setiawan,10895,MM,XI-MM-1
Maya Setiawan,68554,MM,XI-MM-1
Kartika Hidayat,86344,MM,XI-MM-1
Muhamad Kurnia,40972,MM,XI-MM-1
Purnomo Hidayat,30934,MM,XI-MM-1
Yuni Mulyono,50760,MM,XI-MM-1
Yudi Ramadan,48671,MM,XI-MM-1
Vina Setiawan,38721,MM,XI-MM-1
Rahmat Suharto,69634,MM,XI-MM-1
Nina Kurnia,81989,MM,XI-MM-1
Fira Rahayu,42435,MM,XI-MM-1
Sandi Hartanto,79228,MM,XI-MM-1
Utami Kusuma,18094,MM,XI-MM-1
Eko Jaelani,36922,MM,XI-MM-1
Citra Qodir,76895,MM,XI-MM-1
Dian Wijaya,69432,MM,XI-MM-1
Sandi Suryadi,69873,MM,XII-MM-1
Zainul Nurdiana,50392,MM,XII-MM-1
Nanda Nugroho,10395,MM,XII-MM-1
Umar Pratama,15936,MM,XII-MM-1
Citra Gunardi,17897,MM,XII-MM-1
Ivan Prabowo,14159,MM,XII-MM-1
Ayu Ismail,65097,MM,XII-MM-1
Putri Pahlevi,59479,MM,XII-MM-1
Citra Jaelani,96742,MM,XII-MM-1
Yudi Pahlevi,55582,MM,XII-MM-1
Gunawan Gunardi,61518,MM,XII-MM-1
Bambang Setiawan,10455,MM,XII-MM-1
Kurniawan Hartanto,98276,MM,XII-MM-1
Fira Setiawan,42441,MM,XII-MM-1
Lestari Suharto,46129,MM,XII-MM-1
Ivan Qodir,24790,MM,XII-MM-1
Chandra Ramadan,12050,MM,XII-MM-1
Hendra Pratama,23224,MM,XII-MM-1
Purnomo Hakim,98083,MM,XII-MM-1
Irfan Laksono,15798,MM,XII-MM-1
Putri Setiawan,80747,MM,XII-MM-1
Chandra Pahlevi,17398,MM,XII-MM-1
Sandi Hidayat,40692,MM,XII-MM-1
Utami Hakim,98150,MM,XII-MM-1
Hani Hidayat,28777,MM,XII-MM-1
Oki Hidayat,46064,MM,XII-MM-1
Taufik Firmansyah,32955,MM,XII-MM-1
Tika Prabowo,16145,MM,XII-MM-1
Wulan Jaelani,59958,MM,XII-MM-1
Zahra Suryadi,63511,MM,XII-MM-1
Gunawan Mahendra,80507,MM,XII-MM-1
Gita Kurnia,28920,MM,XII-MM-1
Intan Wijaya,83713,MM,XII-MM-1
Nina Gunardi,79467,MM,XII-MM-1
Nanda Setiawan,43422,MM,XII-MM-1
Lukman Ismail,20363,MM,XII-MM-1
Gita Permana,22119,MM,XII-MM-1
Budi Nugroho,59436,MM,XII-MM-1
Hendra Nurdiana,87015,MM,XII-MM-1
Rahmat Rahayu,53642,MM,XII-MM-1
Intan Santoso,37762,MM,XII-MM-1
Bambang Kusuma,72773,MM,XII-MM-1
Agus Hakim,36805,MM,XII-MM-1
Tika Saputra,47101,AK,X-AK-1
Putri Gunardi,95029,AK,X-AK-1
Lestari Mulyono,75179,AK,X-AK-1
Bella Oktavia,51973,AK,X-AK-1
Muhamad Saputra,64254,AK,X-AK-1
Umar Pahlevi,39002,AK,X-AK-1
Ahmad Nugroho,82523,AK,X-AK-1
Juwita Suharto,35715,AK,X-AK-1
Hani Utama,84683,AK,X-AK-1
Rahmat Gunardi,95800,AK,X-AK-1
Indah Mahendra,74044,AK,X-AK-1
Putri Wibowo,56160,AK,X-AK-1
Taufik Prabowo,34123,AK,X-AK-1
Sandi Wijaya,19742,AK,X-AK-1
Chandra Santoso,64053,AK,X-AK-1
Fajri Ismail,40334,AK,X-AK-1
Muhamad Wijaya,90980,AK,X-AK-1
Ani Santoso,79758,AK,X-AK-1
Sari Laksono,46010,AK,X-AK-1
Fira Kurnia,98346,AK,X-AK-1
Dian Ramadan,33496,AK,X-AK-1
Ivan Kusuma,78732,AK,X-AK-1
Wahyu Mulyono,43084,AK,X-AK-1
Indah Nurdiana,62022,AK,X-AK-1
Muhamad Utama,70161,AK,X-AK-1
Chandra Wijaya,22255,AK,X-AK-1
Maya Utama,82443,AK,X-AK-1
Bunga Ismail,11238,AK,X-AK-1
Gilang Suryadi,94529,AK,X-AK-1
Utami Pahlevi,22499,AK,X-AK-1
Hadi Pahlevi,84289,AK,X-AK-1
Intan Pratama,99709,AK,X-AK-1
Hilda Gunardi,83860,AK,X-AK-1
Gunawan Ramadan,51220,AK,X-AK-1
Hendra Firmansyah,28899,AK,X-AK-1
Juwita Wibowo,83919,AK,X-AK-1
Umar Oktavia,61007,AK,X-AK-1
Maya Mahendra,28343,AK,X-AK-1
Sandi Laksono,55332,AK,X-AK-1
Eko Suryadi,40427,AK,X-AK-1
Wahyu Utama,52778,AK,X-AK-1
Dimas Hartanto,74304,AK,X-AK-1
Muhamad Gunardi,59207,AK,X-AK-1
Utami Jaelani,59816,AK,X-AK-2
Irfan Kurnia,19634,AK,X-AK-2
Nanda Kurnia,93086,AK,X-AK-2
Bambang Utama,51507,AK,X-AK-2
Ani Hidayat,68292,AK,X-AK-2
Citra Wibowo,66489,AK,X-AK-2
Sari Suryadi,23538,AK,X-AK-2
Dedi Permana,82642,AK,X-AK-2
Wahyu Hakim,52523,AK,X-AK-2
Nina Utama,21101,AK,X-AK-2
Gunawan Jaelani,59903,AK,X-AK-2
Fajar Nugroho,49469,AK,X-AK-2
Rina Suharto,18292,AK,X-AK-2
Oki Nugroho,65194,AK,X-AK-2
Rina Nurdiana,20082,AK,X-AK-2
Vina Rahayu,70012,AK,X-AK-2
Fajar Hidayat,10887,AK,X-AK-2
Vina Utama,53193,AK,X-AK-2
Kartika Suryadi,95332,AK,X-AK-2
Kurniawan Saputra,89064,AK,X-AK-2
Rahmat Saputra,33283,AK,X-AK-2
Ayu Kurnia,92955,AK,X-AK-2
Utami Nurdiana,41775,AK,X-AK-2
Maya Nugroho,61502,AK,X-AK-2
Dewi Ramadan,83905,AK,X-AK-2
Ahmad Laksono,70505,AK,X-AK-2
Kurniawan Oktavia,19064,AK,X-AK-2
Eka Ismail,49692,AK,X-AK-2
Joko Jaelani,30203,AK,X-AK-2
Dian Utama,19694,AK,X-AK-2
Tika Mulyono,64827,AK,X-AK-2
Agus Qodir,80373,AK,X-AK-2
Eko Mahendra,42536,AK,X-AK-2
Fitri Ismail,90304,AK,X-AK-2
Nanda Mahendra,53463,AK,X-AK-2
Dewi Santoso,22924,AK,X-AK-2
Hani Mulyono,77999,AK,X-AK-2
Purnomo Permana,61266,AK,X-AK-2
Bella Jaelani,87147,AK,X-AK-2
Muhamad Santoso,73277,AK,X-AK-2
Kurniawan Suryadi,21253,AK,X-AK-2
Fajri Laksono,28569,AK,X-AK-2
Juwita Saputra,69681,AK,X-AK-2
Sandi Prabowo,55652,AK,XI-AK-1
Dewi Hartanto,69303,AK,XI-AK-1
Citra Hidayat,15856,AK,XI-AK-1
Ahmad Pahlevi,54967,AK,XI-AK-1
Sandi Wibowo,82339,AK,XI-AK-1
Lukman Gunardi,65885,AK,XI-AK-1
Hani Nurdiana,63090,AK,XI-AK-1
Gunawan Ismail,96154,AK,XI-AK-1
Maya Santoso,90492,AK,XI-AK-1
Purnomo Firmansyah,66302,AK,XI-AK-1
Galuh Rahayu,46483,AK,XI-AK-1
Umar Kusuma,80371,AK,XI-AK-1
Hendra Hartanto,24936,AK,XI-AK-1
Rina Mulyono,93769,AK,XI-AK-1
Gita Hartanto,90918,AK,XI-AK-1
Fajri Jaelani,48986,AK,XI-AK-1
Zainul Suharto,51049,AK,XI-AK-1
Irfan Hidayat,25328,AK,XI-AK-1
Umar Utama,65448,AK,XI-AK-1
Rahmat Ismail,80435,AK,XI-AK-1
Taufik Wibowo,74178,AK,XI-AK-1
Putri Hakim,17026,AK,XI-AK-1
Fira Utama,83607,AK,XI-AK-1
Nina Jaelani,64477,AK,XI-AK-1
Rina Wibowo,20835,AK,XI-AK-1
Dimas Mahendra,38905,AK,XI-AK-1
Bunga Nugroho,39470,AK,XI-AK-1
Fitri Mahendra,69942,AK,XI-AK-1
Dewi Firmansyah,24969,AK,XI-AK-1
Tika Oktavia,15453,AK,XI-AK-1
Tika Rahayu,65725,AK,XI-AK-1
Bambang Oktavia,95678,AK,XI-AK-1
Joko Permana,21401,AK,XI-AK-1
Bella Nurdiana,41056,AK,XI-AK-1
Dimas Laksono,87060,AK,XI-AK-1
Vina Suharto,37082,AK,XI-AK-1
Dimas Wijaya,84720,AK,XI-AK-1
Tika Nugroho,88231,AK,XI-AK-1
Lukman Kurnia,48356,AK,XI-AK-1
Utami Nugroho,77425,AK,XI-AK-1
Ivan Wijaya,46349,AK,XI-AK-1
Agus Pahlevi,27392,AK,XI-AK-1
Lukman Oktavia,42447,AK,XI-AK-1
Utami Ismail,45221,AK,XII-AK-1
Maya Hartanto,19898,AK,XII-AK-1
Nanda Mulyono,46467,AK,XII-AK-1
Putri Prabowo,52898,AK,XII-AK-1
Gilang Mahendra,22208,AK,XII-AK-1
Zahra Permana,18300,AK,XII-AK-1
Galuh Suryadi,37767,AK,XII-AK-1
Indah Saputra,47171,AK,XII-AK-1
Tika Firmansyah,27117,AK,XII-AK-1
Hilda Jaelani,16345,AK,XII-AK-1
Eko Ismail,70238,AK,XII-AK-1
Eko Ramadan,30707,AK,XII-AK-1
Putri Santoso,66072,AK,XII-AK-1
Agus Ramadan,27290,AK,XII-AK-1
Fitri Pahlevi,45916,AK,XII-AK-1
Yudi Permana,42819,AK,XII-AK-1
Muhamad Jaelani,95054,AK,XII-AK-1
Budi Utama,91999,AK,XII-AK-1
Bella Setiawan,66260,AK,XII-AK-1
Agus Kusuma,10142,AK,XII-AK-1
Rahmat Pratama,27393,AK,XII-AK-1
Sandi Jaelani,68335,AK,XII-AK-1
Ahmad Kurnia,55032,AK,XII-AK-1
Dedi Laksono,23425,AK,XII-AK-1
Lukman Permana,49223,AK,XII-AK-1
Fajri Mahendra,27451,AK,XII-AK-1
Dedi Mulyono,83831,AK,XII-AK-1
Muhamad Laksono,37925,AK,XII-AK-1
Ivan Suryadi,90750,AK,XII-AK-1
Gita Rahayu,21362,AK,XII-AK-1
Eko Firmansyah,60335,AK,XII-AK-1
Nina Saputra,28327,AK,XII-AK-1
Dedi Setiawan,82534,AK,XII-AK-1
Bella Kurnia,13515,AK,XII-AK-1
Galuh Mulyono,89551,AK,XII-AK-1
Kurniawan Ismail,17152,AK,XII-AK-1
Rahmat Utama,24777,AK,XII-AK-1
Sandi Qodir,11581,AK,XII-AK-1
Intan Saputra,27299,AK,XII-AK-1
Gita Oktavia,84498,AK,XII-AK-1
Yuni Wibowo,71736,AK,XII-AK-1
Ahmad Firmansyah,18851,AK,XII-AK-1
Budi Ramadan,17925,AK,XII-AK-1
Sari Hidayat,92388,MP,X-MP-1
Maya Pratama,93956,MP,X-MP-1
Joko Pratama,50620,MP,X-MP-1
Fajar Gunardi,52827,MP,X-MP-1
Wulan Pratama,50654,MP,X-MP-1
Hani Pratama,66948,MP,X-MP-1
Wahyu Wijaya,50539,MP,X-MP-1
Eko Santoso,27984,MP,X-MP-1
Gunawan Prabowo,55443,MP,X-MP-1
Eka Laksono,45227,MP,X-MP-1
Chandra Qodir,13847,MP,X-MP-1
Dian Suryadi,45649,MP,X-MP-1
Joko Kurnia,85582,MP,X-MP-1
Budi Prabowo,84302,MP,X-MP-1
Muhamad Wibowo,43438,MP,X-MP-1
Hadi Firmansyah,98358,MP,X-MP-1
Sandi Santoso,15772,MP,X-MP-1
Nanda Ramadan,29671,MP,X-MP-1
Budi Gunardi,95944,MP,X-MP-1
Hani Suryadi,51934,MP,X-MP-1
Utami Permana,25650,MP,X-MP-1
Dimas Mulyono,16019,MP,X-MP-1
Juwita Mahendra,50723,MP,X-MP-1
Lestari Rahayu,48219,MP,X-MP-1
Ayu Hakim,41795,MP,X-MP-1
Lestari Firmansyah,74665,MP,X-MP-1
Bambang Qodir,81638,MP,X-MP-1
Ahmad Setiawan,80981,MP,X-MP-1
Wulan Oktavia,11257,MP,X-MP-1
Ani Mahendra,59319,MP,X-MP-1
Dewi Rahayu,79443,MP,X-MP-1
Oki Prabowo,17850,MP,X-MP-1
Agus Nugroho,22193,MP,X-MP-1
Ivan Setiawan,78125,MP,X-MP-1
Zahra Qodir,58823,MP,X-MP-1
Ayu Pratama,86122,MP,X-MP-1
Nanda Pratama,87580,MP,X-MP-1
Oki Jaelani,27132,MP,X-MP-1
Kurniawan Nugroho,51288,MP,X-MP-1
Zahra Oktavia,52762,MP,X-MP-1
Putri Nugroho,40619,MP,X-MP-1
Hendra Suharto,86638,MP,X-MP-1
Taufik Permana,37215,MP,X-MP-1
Indah Pahlevi,25717,MP,XI-MP-1
Gunawan Nurdiana,99922,MP,XI-MP-1
Bunga Rahayu,52964,MP,XI-MP-1
Dedi Kurnia,42534,MP,XI-MP-1
Maya Mulyono,16416,MP,XI-MP-1
Fitri Santoso,63004,MP,XI-MP-1
Tika Setiawan,22415,MP,XI-MP-1
Bunga Oktavia,39135,MP,XI-MP-1
Fajri Pratama,12857,MP,XI-MP-1
Hendra Qodir,94670,MP,XI-MP-1
Dewi Wijaya,70423,MP,XI-MP-1
Nanda Prabowo,13864,MP,XI-MP-1
Fitri Nugroho,46681,MP,XI-MP-1
Bunga Hakim,91156,MP,XI-MP-1
Rahmat Suryadi,82179,MP,XI-MP-1
Bunga Pratama,46670,MP,XI-MP-1
Hilda Nurdiana,78919,MP,XI-MP-1
Yudi Nurdiana,81258,MP,XI-MP-1
Nanda Nurdiana,57069,MP,XI-MP-1
Tika Nurdiana,73527,MP,XI-MP-1
Sari Saputra,60905,MP,XI-MP-1
Kartika Hakim,38707,MP,XI-MP-1
Hadi Nurdiana,46822,MP,XI-MP-1
Irfan Wibowo,23124,MP,XI-MP-1
Fajri Nurdiana,17328,MP,XI-MP-1
Dimas Utama,56504,MP,XI-MP-1
Umar Saputra,57026,MP,XI-MP-1
Muhamad Firmansyah,83873,MP,XI-MP-1
Hadi Prabowo,81057,MP,XI-MP-1
Kartika Kurnia,33260,MP,XI-MP-1
Bunga Santoso,29360,MP,XI-MP-1
Chandra Kusuma,78982,MP,XI-MP-1
Zahra Jaelani,61851,MP,XI-MP-1
Lukman Hidayat,52284,MP,XI-MP-1
Gunawan Laksono,67261,MP,XI-MP-1
Wulan Saputra,32833,MP,XI-MP-1
Hani Jaelani,87194,MP,XI-MP-1
Nanda Hidayat,48602,MP,XI-MP-1
Umar Wijaya,33865,MP,XI-MP-1
Wulan Firmansyah,23645,MP,XI-MP-1
Wulan Qodir,21629,MP,XI-MP-1
Hani Kurnia,18885,MP,XI-MP-1
Dewi Laksono,10167,MP,XI-MP-1
Gunawan Qodir,64266,MP,XII-MP-1
Maya Kusuma,72847,MP,XII-MP-1
Dedi Nurdiana,14379,MP,XII-MP-1
Ani Saputra,44226,MP,XII-MP-1
Dedi Saputra,32296,MP,XII-MP-1
Fitri Laksono,19830,MP,XII-MP-1
Wahyu Qodir,73273,MP,XII-MP-1
Gunawan Wijaya,23272,MP,XII-MP-1
Intan Laksono,80795,MP,XII-MP-1
Bunga Permana,10500,MP,XII-MP-1
Fira Jaelani,91931,MP,XII-MP-1
Galuh Kusuma,13373,MP,XII-MP-1
Rahmat Prabowo,96643,MP,XII-MP-1
Lestari Wibowo,68428,MP,XII-MP-1
Purnomo Nugroho,39654,MP,XII-MP-1
Utami Wijaya,29808,MP,XII-MP-1
Dedi Jaelani,55061,MP,XII-MP-1
Hani Gunardi,17993,MP,XII-MP-1
Fira Mulyono,64870,MP,XII-MP-1
Utami Qodir,40886,MP,XII-MP-1
Juwita Pratama,61747,MP,XII-MP-1
Sandi Firmansyah,77740,MP,XII-MP-1
Gunawan Rahayu,35260,MP,XII-MP-1
Budi Suryadi,20271,MP,XII-MP-1
Galuh Oktavia,92211,MP,XII-MP-1
Fajri Hakim,43801,MP,XII-MP-1
Citra Pratama,60868,MP,XII-MP-1
Gita Nugroho,78116,MP,XII-MP-1
Intan Pahlevi,11620,MP,XII-MP-1
Eka Suharto,84264,MP,XII-MP-1
Umar Mahendra,23237,MP,XII-MP-1
Hilda Suryadi,44620,MP,XII-MP-1
Wulan Prabowo,84976,MP,XII-MP-1
Bunga Wibowo,46099,MP,XII-MP-1
Hilda Qodir,53449,MP,XII-MP-1
Budi Laksono,72287,MP,XII-MP-1
Fira Nurdiana,49722,MP,XII-MP-1
Rina Pahlevi,99764,MP,XII-MP-1
Gilang Setiawan,27614,MP,XII-MP-1
Ayu Hartanto,52056,MP,XII-MP-1
Ayu Suryadi,89295,MP,XII-MP-1
Hendra Ramadan,63368,MP,XII-MP-1
Fira Wijaya,77537,MP,XII-MP-1
Dedi Hidayat,76426,TM,X-TM-1
Eka Mahendra,78719,TM,X-TM-1
Hendra Nugroho,58280,TM,X-TM-1
Ani Setiawan,58819,TM,X-TM-1
Rina Firmansyah,82264,TM,X-TM-1
Fira Qodir,43903,TM,X-TM-1
Kurniawan Santoso,60667,TM,X-TM-1
Gunawan Pahlevi,85007,TM,X-TM-1
Zainul Santoso,72140,TM,X-TM-1
Yudi Wibowo,88792,TM,X-TM-1
Irfan Nugroho,89736,TM,X-TM-1
Zahra Kurnia,94245,TM,X-TM-1
Nina Qodir,59345,TM,X-TM-1
Galuh Hartanto,49602,TM,X-TM-1
Tika Ismail,87826,TM,X-TM-1
Juwita Jaelani,24169,TM,X-TM-1
Indah Nugroho,95998,TM,X-TM-1
Galuh Suharto,77802,TM,X-TM-1
Dimas Pahlevi,88647,TM,X-TM-1
Yuni Saputra,99228,TM,X-TM-1
Bambang Santoso,95904,TM,X-TM-1
Intan Suryadi,63031,TM,X-TM-1
Ayu Wijaya,86418,TM,X-TM-1
Zainul Gunardi,93665,TM,X-TM-1
Intan Jaelani,56988,TM,X-TM-1
Fitri Hidayat,22793,TM,X-TM-1
Indah Laksono,83273,TM,X-TM-1
Zainul Qodir,53992,TM,X-TM-1
Irfan Permana,39272,TM,X-TM-1
Nina Nurdiana,53426,TM,X-TM-1
Indah Firmansyah,48541,TM,X-TM-1
Rina Wijaya,93151,TM,X-TM-1
Rahmat Qodir,35499,TM,X-TM-1
Gilang Jaelani,60026,TM,X-TM-1
Nina Wijaya,29762,TM,X-TM-1
Hadi Ramadan,69974,TM,X-TM-1
Chandra Pratama,73908,TM,X-TM-1
Wulan Wibowo,51079,TM,X-TM-1
Gunawan Firmansyah,30766,TM,X-TM-1
Dian Mahendra,21539,TM,X-TM-1
Wahyu Suryadi,93032,TM,X-TM-1
Maya Suryadi,72573,TM,X-TM-1
Ani Wijaya,79963,TM,X-TM-1
Bambang Permana,11845,TM,XI-TM-1
Sari Rahayu,12348,TM,XI-TM-1
Yudi Laksono,42613,TM,XI-TM-1
Muhamad Hidayat,26899,TM,XI-TM-1
Umar Hidayat,31891,TM,XI-TM-1
Fajri Wijaya,49085,TM,XI-TM-1
Putri Laksono,78195,TM,XI-TM-1
Yuni Suharto,54922,TM,XI-TM-1
Lestari Mahendra,34697,TM,XI-TM-1
Fajar Rahayu,12872,TM,XI-TM-1
Eko Permana,95267,TM,XI-TM-1
Ahmad Wijaya,25176,TM,XI-TM-1
Putri Utama,26199,TM,XI-TM-1
Wulan Santoso,49467,TM,XI-TM-1
Indah Hakim,89381,TM,XI-TM-1
Oki Oktavia,23751,TM,XI-TM-1
Dimas Kusuma,75239,TM,XI-TM-1
Wahyu Rahayu,44471,TM,XI-TM-1
Ivan Rahayu,73001,TM,XI-TM-1
Hani Santoso,11671,TM,XI-TM-1
Fajri Firmansyah,97690,TM,XI-TM-1
Eka Pratama,77070,TM,XI-TM-1
Eko Qodir,43540,TM,XI-TM-1
Budi Kusuma,32898,TM,XI-TM-1
Gilang Hidayat,57214,TM,XI-TM-1
Dewi Kusuma,16014,TM,XI-TM-1
Gilang Suharto,96947,TM,XI-TM-1
Hadi Hartanto,91501,TM,XI-TM-1
Hilda Laksono,22183,TM,XI-TM-1
Fira Saputra,33969,TM,XI-TM-1
Rahmat Nurdiana,65278,TM,XI-TM-1
Agus Laksono,17686,TM,XI-TM-1
Ivan Firmansyah,73265,TM,XI-TM-1
Lestari Hakim,13777,TM,XI-TM-1
Rahmat Ramadan,73979,TM,XI-TM-1
Purnomo Wijaya,18301,TM,XI-TM-1
Gita Jaelani,78788,TM,XI-TM-1
Lukman Mulyono,78564,TM,XI-TM-1
Zainul Jaelani,94070,TM,XI-TM-1
Fira Gunardi,90335,TM,XI-TM-1
Ivan Wibowo,76265,TM,XI-TM-1
Citra Mahendra,74441,TM,XI-TM-1
Sari Setiawan,82154,TM,XI-TM-1
Maya Oktavia,40801,TM,XII-TM-1
Gilang Prabowo,68598,TM,XII-TM-1
Dewi Prabowo,95638,TM,XII-TM-1
Eko Utama,64046,TM,XII-TM-1
Taufik Gunardi,10022,TM,XII-TM-1
Dimas Hakim,91142,TM,XII-TM-1
Putri Saputra,57624,TM,XII-TM-1
Fajri Setiawan,69566,TM,XII-TM-1
Tika Mahendra,91232,TM,XII-TM-1
Yuni Setiawan,10287,TM,XII-TM-1
Lestari Oktavia,93055,TM,XII-TM-1
Ayu Laksono,63636,TM,XII-TM-1
Joko Hakim,35679,TM,XII-TM-1
Gilang Utama,38257,TM,XII-TM-1
Galuh Kurnia,54293,TM,XII-TM-1
Zainul Firmansyah,26150,TM,XII-TM-1
Putri Jaelani,87242,TM,XII-TM-1
Rahmat Santoso,79515,TM,XII-TM-1
Umar Prabowo,76628,TM,XII-TM-1
Agus Firmansyah,32760,TM,XII-TM-1
Zainul Hakim,89450,TM,XII-TM-1
Vina Ramadan,42537,TM,XII-TM-1
Maya Saputra,48557,TM,XII-TM-1
Tika Pahlevi,51144,TM,XII-TM-1
Hendra Rahayu,91810,TM,XII-TM-1
Eka Kurnia,95208,TM,XII-TM-1
Agus Ismail,52255,TM,XII-TM-1
Chandra Permana,83699,TM,XII-TM-1
Utami Firmansyah,97445,TM,XII-TM-1
Yuni Laksono,79979,TM,XII-TM-1
Hilda Pahlevi,65363,TM,XII-TM-1
Sandi Kusuma,13312,TM,XII-TM-1
Eka Wijaya,97851,TM,XII-TM-1
Chandra Nurdiana,31094,TM,XII-TM-1
Bunga Kurnia,48684,TM,XII-TM-1
Fajri Hartanto,23432,TM,XII-TM-1
Bambang Ismail,83566,TM,XII-TM-1
Dian Kurnia,47701,TM,XII-TM-1
Budi Santoso,42943,TM,XII-TM-1
Wahyu Pahlevi,68073,TM,XII-TM-1
Ivan Ismail,94886,TM,XII-TM-1
Yuni Pratama,34507,TM,XII-TM-1
Ahmad Saputra,71122,TM,XII-TM-1
Budi Suharto,52287,TE,X-TE-1
Yudi Hakim,96755,TE,X-TE-1
Lestari Pratama,51662,TE,X-TE-1
Gunawan Mulyono,18936,TE,X-TE-1
Oki Gunardi,80390,TE,X-TE-1
Hani Qodir,37964,TE,X-TE-1
Kartika Permana,48479,TE,X-TE-1
Taufik Oktavia,95105,TE,X-TE-1
Muhamad Hartanto,41502,TE,X-TE-1
Budi Jaelani,52065,TE,X-TE-1
Indah Gunardi,47070,TE,X-TE-1
Ivan Mulyono,59146,TE,X-TE-1
Juwita Qodir,95397,TE,X-TE-1
Dedi Kusuma,31940,TE,X-TE-1
Hendra Jaelani,92511,TE,X-TE-1
Bambang Mahendra,67047,TE,X-TE-1
Purnomo Kurnia,53478,TE,X-TE-1
Budi Wibowo,43018,TE,X-TE-1
Irfan Ramadan,43901,TE,X-TE-1
Wulan Utama,66757,TE,X-TE-1
Tika Santoso,94072,TE,X-TE-1
Chandra Laksono,86756,TE,X-TE-1
Kurniawan Hakim,21338,TE,X-TE-1
Bella Ramadan,67367,TE,X-TE-1
Yuni Santoso,72126,TE,X-TE-1
Taufik Hidayat,93105,TE,X-TE-1
Taufik Pahlevi,82754,TE,X-TE-1
Gilang Mulyono,28671,TE,X-TE-1
Wahyu Oktavia,43127,TE,X-TE-1
Eko Wibowo,97946,TE,X-TE-1
Ivan Gunardi,70458,TE,X-TE-1
Dedi Nugroho,22871,TE,X-TE-1
Bambang Firmansyah,73857,TE,X-TE-1
Yuni Ismail,40740,TE,X-TE-1
Dedi Qodir,35362,TE,X-TE-1
Rina Hartanto,53036,TE,X-TE-1
Eka Firmansyah,84299,TE,X-TE-1
Nina Nugroho,57118,TE,X-TE-1
Lukman Qodir,72908,TE,X-TE-1
Putri Permana,50038,TE,X-TE-1
Tika Kusuma,33038,TE,X-TE-1
Fajri Nugroho,28350,TE,X-TE-1
Joko Laksono,92132,TE,X-TE-1
Bambang Pratama,12441,TE,XI-TE-1
Hadi Gunardi,71879,TE,XI-TE-1
Bambang Pahlevi,48141,TE,XI-TE-1
Sandi Pratama,62007,TE,XI-TE-1
Sari Santoso,96858,TE,XI-TE-1
Gilang Nurdiana,90482,TE,XI-TE-1
Fajar Hartanto,30869,TE,XI-TE-1
Irfan Mahendra,73916,TE,XI-TE-1
Ivan Nurdiana,57349,TE,XI-TE-1
Rina Ramadan,69591,TE,XI-TE-1
Lukman Kusuma,78337,TE,XI-TE-1
Fira Laksono,44513,TE,XI-TE-1
Nanda Ismail,59613,TE,XI-TE-1
Hilda Oktavia,20202,TE,XI-TE-1
Maya Ramadan,39215,TE,XI-TE-1
Rina Qodir,89195,TE,XI-TE-1
Muhamad Hakim,25509,TE,XI-TE-1
Oki Nurdiana,53283,TE,XI-TE-1
Rahmat Jaelani,72759,TE,XI-TE-1
Galuh Firmansyah,31134,TE,XI-TE-1
Wulan Mulyono,15136,TE,XI-TE-1
Nanda Hakim,83872,TE,XI-TE-1
Hadi Laksono,96736,TE,XI-TE-1
Citra Rahayu,68877,TE,XI-TE-1
Fitri Setiawan,63840,TE,XI-TE-1
Joko Wibowo,99861,TE,XI-TE-1
Vina Firmansyah,19023,TE,XI-TE-1
Sandi Pahlevi,76107,TE,XI-TE-1
Vina Kusuma,33255,TE,XI-TE-1
Vina Wijaya,79655,TE,XI-TE-1
Hadi Hakim,80685,TE,XI-TE-1
Oki Permana,15693,TE,XI-TE-1
Bella Utama,55943,TE,XI-TE-1
Oki Suharto,43360,TE,XI-TE-1
Tika Suryadi,43791,TE,XI-TE-1
Hendra Kurnia,51405,TE,XI-TE-1
Lestari Kusuma,30287,TE,XI-TE-1
Rina Nugroho,50193,TE,XI-TE-1
Maya Laksono,28096,TE,XI-TE-1
Sandi Utama,54359,TE,XI-TE-1
Gunawan Utama,93345,TE,XI-TE-1
Dimas Pratama,29048,TE,XI-TE-1
Nina Pratama,18399,TE,XI-TE-1
Citra Hakim,14948,TE,XII-TE-1
Intan Utama,90473,TE,XII-TE-1
Bunga Mahendra,32973,TE,XII-TE-1
Galuh Pahlevi,96099,TE,XII-TE-1
Galuh Wijaya,88579,TE,XII-TE-1
Wahyu Wibowo,98345,TE,XII-TE-1
Gunawan Pratama,46167,TE,XII-TE-1
Juwita Laksono,83284,TE,XII-TE-1
Ani Nugroho,32942,TE,XII-TE-1
Sari Kusuma,83220,TE,XII-TE-1
Chandra Setiawan,54520,TE,XII-TE-1
Yuni Hartanto,86916,TE,XII-TE-1
Rahmat Kusuma,43792,TE,XII-TE-1
Dimas Setiawan,98724,TE,XII-TE-1
Dedi Utama,98302,TE,XII-TE-1
Intan Wibowo,72463,TE,XII-TE-1
Hilda Firmansyah,45268,TE,XII-TE-1
Hendra Prabowo,36170,TE,XII-TE-1
Hendra Setiawan,36577,TE,XII-TE-1
Muhamad Suharto,23983,TE,XII-TE-1
Ivan Pratama,98580,TE,XII-TE-1
Bella Pahlevi,80972,TE,XII-TE-1
Lukman Prabowo,85303,TE,XII-TE-1
Sari Nugroho,62150,TE,XII-TE-1
Fajar Wijaya,78909,TE,XII-TE-1
Bunga Mulyono,55519,TE,XII-TE-1
Bella Wibowo,69925,TE,XII-TE-1
Agus Mulyono,70302,TE,XII-TE-1
Zahra Santoso,11549,TE,XII-TE-1
Eko Saputra,57395,TE,XII-TE-1
Fitri Gunardi,44452,TE,XII-TE-1
Joko Prabowo,90358,TE,XII-TE-1
Rina Suryadi,37594,TE,XII-TE-1
Zahra Mahendra,58799,TE,XII-TE-1
Gita Utama,46651,TE,XII-TE-1
Fira Kusuma,45382,TE,XII-TE-1
Fajar Prabowo,11276,TE,XII-TE-1
Fajar Qodir,92660,TE,XII-TE-1
Dian Prabowo,49326,TE,XII-TE-1
Zahra Wibowo,17869,TE,XII-TE-1
Rahmat Oktavia,92557,TE,XII-TE-1
Purnomo Laksono,53864,TE,XII-TE-1
Indah Permana,12599,TE,XII-TE-1
Dewi Permana,99074,GBR,X-GBR-1
Yudi Ismail,80574,GBR,X-GBR-1
Rahmat Mahendra,68580,GBR,X-GBR-1
Gilang Wibowo,93962,GBR,X-GBR-1
Maya Pahlevi,19351,GBR,X-GBR-1
Irfan Saputra,51533,GBR,X-GBR-1
Zahra Nugroho,89349,GBR,X-GBR-1
Indah Qodir,68313,GBR,X-GBR-1
Ani Suharto,40753,GBR,X-GBR-1
Intan Qodir,72021,GBR,X-GBR-1
Ahmad Mahendra,62037,GBR,X-GBR-1
Eko Nugroho,91015,GBR,X-GBR-1
Irfan Setiawan,47247,GBR,X-GBR-1
Wulan Suharto,27206,GBR,X-GBR-1
Zainul Permana,52624,GBR,X-GBR-1
Putri Suharto,33204,GBR,X-GBR-1
Wulan Laksono,93342,GBR,X-GBR-1
Juwita Ramadan,55504,GBR,X-GBR-1
Putri Hidayat,64028,GBR,X-GBR-1
Eka Hidayat,11383,GBR,X-GBR-1
Sandi Oktavia,27865,GBR,X-GBR-1
Juwita Prabowo,80136,GBR,X-GBR-1
Rahmat Hidayat,11197,GBR,X-GBR-1
Dian Hidayat,88250,GBR,X-GBR-1
Dimas Santoso,81855,GBR,X-GBR-1
Hani Wibowo,94671,GBR,X-GBR-1
Hani Nugroho,20382,GBR,X-GBR-1
Wulan Setiawan,77713,GBR,X-GBR-1
Ayu Gunardi,45235,GBR,X-GBR-1
Fitri Kusuma,46977,GBR,X-GBR-1
Citra Suharto,11930,GBR,X-GBR-1
Galuh Saputra,65082,GBR,X-GBR-1
Putri Kurnia,53286,GBR,X-GBR-1
Joko Mahendra,61435,GBR,X-GBR-1
Joko Oktavia,60014,GBR,X-GBR-1
Purnomo Setiawan,14392,GBR,X-GBR-1
Nanda Jaelani,50908,GBR,X-GBR-1
Ayu Ramadan,82034,GBR,X-GBR-1
Hendra Permana,16827,GBR,X-GBR-1
Eko Setiawan,92956,GBR,X-GBR-1
Dian Setiawan,11170,GBR,X-GBR-1
Umar Nurdiana,72294,GBR,X-GBR-1
Muhamad Mahendra,21728,GBR,X-GBR-1
Ivan Mahendra,91937,GBR,XI-GBR-1
Agus Gunardi,24076,GBR,XI-GBR-1
Rahmat Setiawan,51515,GBR,XI-GBR-1
Galuh Santoso,59514,GBR,XI-GBR-1
Ayu Suharto,42859,GBR,XI-GBR-1
Purnomo Gunardi,48628,GBR,XI-GBR-1
Fira Hakim,82682,GBR,XI-GBR-1
Nanda Laksono,34318,GBR,XI-GBR-1
Wahyu Setiawan,52034,GBR,XI-GBR-1
Fajar Hakim,47110,GBR,XI-GBR-1
Dewi Mulyono,96362,GBR,XI-GBR-1
Budi Oktavia,27009,GBR,XI-GBR-1
Gilang Wijaya,36486,GBR,XI-GBR-1
Wahyu Kurnia,19289,GBR,XI-GBR-1
Hendra Ismail,74409,GBR,XI-GBR-1
Yudi Wijaya,57307,GBR,XI-GBR-1
Fira Hidayat,20215,GBR,XI-GBR-1
Eko Laksono,40279,GBR,XI-GBR-1
Hani Firmansyah,91962,GBR,XI-GBR-1
Taufik Laksono,83156,GBR,XI-GBR-1
Ayu Kusuma,93705,GBR,XI-GBR-1
Dewi Wibowo,33644,GBR,XI-GBR-1
Tika Hakim,68066,GBR,XI-GBR-1
Hilda Saputra,82100,GBR,XI-GBR-1
Nina Mahendra,93000,GBR,XI-GBR-1
Ayu Nugroho,57187,GBR,XI-GBR-1
Ani Laksono,14543,GBR,XI-GBR-1
Sari Suharto,49562,GBR,XI-GBR-1
Hendra Pahlevi,51275,GBR,XI-GBR-1
Chandra Oktavia,46170,GBR,XI-GBR-1
Joko Nurdiana,49361,GBR,XI-GBR-1
Umar Ramadan,38499,GBR,XI-GBR-1
Fajri Qodir,85527,GBR,XI-GBR-1
Kurniawan Wijaya,85534,GBR,XI-GBR-1
Bunga Ramadan,53829,GBR,XI-GBR-1
Nina Suryadi,25799,GBR,XI-GBR-1
Ivan Santoso,93084,GBR,XI-GBR-1
Kartika Gunardi,84044,GBR,XI-GBR-1
Lukman Pratama,72371,GBR,XI-GBR-1
Taufik Utama,44413,GBR,XI-GBR-1
Oki Mahendra,27088,GBR,XI-GBR-1
Taufik Hakim,78714,GBR,XI-GBR-1
Oki Suryadi,57876,GBR,XI-GBR-1
Vina Oktavia,67961,GBR,XII-GBR-1
Ivan Oktavia,40603,GBR,XII-GBR-1
Irfan Hakim,29356,GBR,XII-GBR-1
Zahra Nurdiana,24585,GBR,XII-GBR-1
Galuh Laksono,80517,GBR,XII-GBR-1
Hendra Gunardi,78585,GBR,XII-GBR-1
Juwita Rahayu,90997,GBR,XII-GBR-1
Bunga Hartanto,95820,GBR,XII-GBR-1
Zainul Nugroho,96898,GBR,XII-GBR-1
Gita Qodir,95119,GBR,XII-GBR-1
Sari Kurnia,23055,GBR,XII-GBR-1
Vina Gunardi,21537,GBR,XII-GBR-1
Ivan Kurnia,12816,GBR,XII-GBR-1
Muhamad Permana,91950,GBR,XII-GBR-1
Maya Qodir,13862,GBR,XII-GBR-1
Hani Suharto,54798,GBR,XII-GBR-1
Citra Laksono,60096,GBR,XII-GBR-1
Oki Setiawan,85090,GBR,XII-GBR-1
Lukman Hartanto,81071,GBR,XII-GBR-1
Fajar Firmansyah,80956,GBR,XII-GBR-1
Kurniawan Kurnia,78656,GBR,XII-GBR-1
Oki Ramadan,29025,GBR,XII-GBR-1
Bambang Nugroho,29917,GBR,XII-GBR-1
Chandra Prabowo,27575,GBR,XII-GBR-1
Galuh Setiawan,14224,GBR,XII-GBR-1
Bella Santoso,45370,GBR,XII-GBR-1
Yuni Rahayu,36812,GBR,XII-GBR-1
Purnomo Pahlevi,90879,GBR,XII-GBR-1
Zahra Saputra,69971,GBR,XII-GBR-1
Oki Utama,15482,GBR,XII-GBR-1
Hilda Kurnia,15047,GBR,XII-GBR-1
Budi Qodir,42207,GBR,XII-GBR-1
Sari Mahendra,16461,GBR,XII-GBR-1
Fajri Hidayat,70469,GBR,XII-GBR-1
Budi Kurnia,77760,GBR,XII-GBR-1
Yudi Hartanto,21854,GBR,XII-GBR-1
Umar Qodir,81618,GBR,XII-GBR-1
Ahmad Wibowo,69464,GBR,XII-GBR-1
Agus Nurdiana,31495,GBR,XII-GBR-1
Agus Hartanto,93109,GBR,XII-GBR-1
Citra Mulyono,60343,GBR,XII-GBR-1
Nanda Gunardi,59886,GBR,XII-GBR-1
Agus Wijaya,64995,GBR,XII-GBR-1
Bella Hartanto,47851,OTDA,X-OTDA-1
Ahmad Hakim,43175,OTDA,X-OTDA-1
Purnomo Prabowo,75358,OTDA,X-OTDA-1
Fajri Oktavia,16411,OTDA,X-OTDA-1
Oki Wibowo,31146,OTDA,X-OTDA-1
Dian Gunardi,33254,OTDA,X-OTDA-1
Dewi Kurnia,45968,OTDA,X-OTDA-1
Sari Pratama,73394,OTDA,X-OTDA-1
Nina Hakim,51482,OTDA,X-OTDA-1
Sari Firmansyah,91689,OTDA,X-OTDA-1
Intan Suharto,90516,OTDA,X-OTDA-1
Galuh Nurdiana,90649,OTDA,X-OTDA-1
Ani Ismail,36370,OTDA,X-OTDA-1
Juwita Mulyono,82088,OTDA,X-OTDA-1
Kartika Saputra,61910,OTDA,X-OTDA-1
Fajri Wibowo,53321,OTDA,X-OTDA-1
Eka Prabowo,30366,OTDA,X-OTDA-1
Tika Qodir,53923,OTDA,X-OTDA-1
Nina Ramadan,17342,OTDA,X-OTDA-1
Ani Rahayu,85680,OTDA,X-OTDA-1
Eka Nugroho,14085,OTDA,X-OTDA-1
Maya Ismail,80028,OTDA,X-OTDA-1
Nanda Wibowo,88012,OTDA,X-OTDA-1
Oki Pratama,75149,OTDA,X-OTDA-1
Kurniawan Wibowo,24710,OTDA,X-OTDA-1
Bella Rahayu,22137,OTDA,X-OTDA-1
Rina Laksono,78632,OTDA,X-OTDA-1
Gita Mulyono,25182,OTDA,X-OTDA-1
Eko Mulyono,96374,OTDA,X-OTDA-1
Ani Firmansyah,50913,OTDA,X-OTDA-1
Lukman Rahayu,35237,OTDA,X-OTDA-1
Kartika Mahendra,67817,OTDA,X-OTDA-1
Gunawan Nugroho,25002,OTDA,X-OTDA-1
Lukman Nugroho,28554,OTDA,X-OTDA-1
Utami Setiawan,32449,OTDA,X-OTDA-1
Hadi Saputra,80854,OTDA,X-OTDA-1
Bunga Kusuma,60279,OTDA,X-OTDA-1
Dimas Gunardi,20295,OTDA,X-OTDA-1
Utami Suharto,22178,OTDA,X-OTDA-1
Wulan Kurnia,71000,OTDA,X-OTDA-1
Hani Setiawan,28837,OTDA,X-OTDA-1
Intan Permana,61390,OTDA,X-OTDA-1
Ahmad Pratama,72303,OTDA,X-OTDA-1
Muhamad Prabowo,70455,OTDA,XI-OTDA-1
Umar Suharto,76577,OTDA,XI-OTDA-1
Nanda Oktavia,24022,OTDA,XI-OTDA-1
Juwita Gunardi,70420,OTDA,XI-OTDA-1
Hani Hakim,41941,OTDA,XI-OTDA-1
Taufik Kurnia,40953,OTDA,XI-OTDA-1
Taufik Kusuma,68355,OTDA,XI-OTDA-1
Dedi Hakim,24253,OTDA,XI-OTDA-1
Kartika Prabowo,94540,OTDA,XI-OTDA-1
Dedi Rahayu,28208,OTDA,XI-OTDA-1
Purnomo Rahayu,36956,OTDA,XI-OTDA-1
Intan Ramadan,66980,OTDA,XI-OTDA-1
Zahra Gunardi,57086,OTDA,XI-OTDA-1
Irfan Suryadi,87353,OTDA,XI-OTDA-1
Nina Suharto,47810,OTDA,XI-OTDA-1
Purnomo Qodir,89223,OTDA,XI-OTDA-1
Fira Hartanto,60425,OTDA,XI-OTDA-1
Ayu Setiawan,75762,OTDA,XI-OTDA-1
Bunga Firmansyah,73342,OTDA,XI-OTDA-1
Sari Pahlevi,46624,OTDA,XI-OTDA-1
Vina Pratama,42142,OTDA,XI-OTDA-1
Yuni Jaelani,20234,OTDA,XI-OTDA-1
Hilda Prabowo,85230,OTDA,XI-OTDA-1
Ayu Hidayat,83886,OTDA,XI-OTDA-1
Bunga Jaelani,48240,OTDA,XI-OTDA-1
Joko Nugroho,27372,OTDA,XI-OTDA-1
Lestari Nurdiana,32989,OTDA,XI-OTDA-1
Hani Prabowo,33699,OTDA,XI-OTDA-1
Fajar Oktavia,75004,OTDA,XI-OTDA-1
Wulan Nugroho,25203,OTDA,XI-OTDA-1
Zainul Kurnia,61127,OTDA,XI-OTDA-1
Indah Suharto,79526,OTDA,XI-OTDA-1
Wulan Permana,66595,OTDA,XI-OTDA-1
Kartika Nugroho,45007,OTDA,XI-OTDA-1
Purnomo Mahendra,98511,OTDA,XI-OTDA-1
Lukman Jaelani,33582,OTDA,XI-OTDA-1
Ani Suryadi,22805,OTDA,XI-OTDA-1
Bambang Hidayat,43016,OTDA,XI-OTDA-1
Budi Hakim,96062,OTDA,XI-OTDA-1
Eko Pratama,89257,OTDA,XI-OTDA-1
Dimas Wibowo,24528,OTDA,XI-OTDA-1
Purnomo Jaelani,19924,OTDA,XI-OTDA-1
Yuni Mahendra,52389,OTDA,XI-OTDA-1
Citra Nugroho,18177,OTDA,XII-OTDA-1
Fira Nugroho,33321,OTDA,XII-OTDA-1
Citra Prabowo,36302,OTDA,XII-OTDA-1
Rina Kusuma,28857,OTDA,XII-OTDA-1
Utami Santoso,77552,OTDA,XII-OTDA-1
Ayu Mahendra,19188,OTDA,XII-OTDA-1
Ahmad Utama,73185,OTDA,XII-OTDA-1
Agus Permana,73766,OTDA,XII-OTDA-1
Budi Rahayu,13324,OTDA,XII-OTDA-1
Taufik Ismail,50334,OTDA,XII-OTDA-1
Dian Hartanto,12151,OTDA,XII-OTDA-1
Lukman Wijaya,54265,OTDA,XII-OTDA-1
Nanda Kusuma,37745,OTDA,XII-OTDA-1
Bunga Laksono,28558,OTDA,XII-OTDA-1
Eka Santoso,32577,OTDA,XII-OTDA-1
Hadi Hidayat,22752,OTDA,XII-OTDA-1
Fira Firmansyah,18383,OTDA,XII-OTDA-1
Eko Prabowo,87984,OTDA,XII-OTDA-1
Lukman Nurdiana,98918,OTDA,XII-OTDA-1
Dian Rahayu,15975,OTDA,XII-OTDA-1
Eko Nurdiana,92863,OTDA,XII-OTDA-1
Ani Qodir,73827,OTDA,XII-OTDA-1
Ahmad Santoso,33516,OTDA,XII-OTDA-1
Joko Mulyono,69037,OTDA,XII-OTDA-1
Fitri Kurnia,75521,OTDA,XII-OTDA-1
Ahmad Gunardi,40885,OTDA,XII-OTDA-1
Eko Hakim,57435,OTDA,XII-OTDA-1
Fajar Jaelani,72182,OTDA,XII-OTDA-1
Fitri Wibowo,97836,OTDA,XII-OTDA-1
Joko Saputra,90847,OTDA,XII-OTDA-1
Dian Santoso,73577,OTDA,XII-OTDA-1
Oki Rahayu,98716,OTDA,XII-OTDA-1
Hani Mahendra,24435,OTDA,XII-OTDA-1
Hani Kusuma,41079,OTDA,XII-OTDA-1
Maya Permana,27878,OTDA,XII-OTDA-1
Ayu Rahayu,92840,OTDA,XII-OTDA-1
Kartika Suharto,14206,OTDA,XII-OTDA-1
Chandra Saputra,38816,OTDA,XII-OTDA-1
Wulan Hakim,32273,OTDA,XII-OTDA-1
Oki Laksono,42329,OTDA,XII-OTDA-1
Hadi Santoso,64758,OTDA,XII-OTDA-1
Agus Oktavia,22844,OTDA,XII-OTDA-1
Rina Setiawan,20890,OTDA,XII-OTDA-1
